CrewId,CrewName,FlightNo,PhoneNo,EmergencyContactNo,AddressToContact
220678,Ajit S,AI0678,2232,2232,"Flat No. 2A, Rashbihari"
220638,Amit B,AI0678,3345,3345,"Flat No.3C, NSC Bose "
220618,Aditya B,AI0678,6678,6678,"Flat No.5B, Gandhi road"
220648,Srikanth C,AI0678,9922,9922,"Flat No. 2A, Rashbihari"
262225,Rima D,AI2267,8876,8876,"Flat No.3C, NSC Bose "
261115,Rishil B,AI2267,6678,6678,"Flat No.5B, Gandhi road"
211167,Ridhi B,None,6679,6679,"Flat No.5B, Gandhi road"
263335,Ankita D,AI2267,4456,4456,"Flat No. 2A, Rashbihari"
262345,Abhijit J,AI2267,2234,2234,"Flat No.3C, NSC Bose "
262472,Simran K,AI3345,3367,3367,"Flat No.5B, Gandhi road"
263367,Sohini R,AI3345,7788,7788,"Flat No. 2A, Rashbihari"
272745,Reshma D,AI3345,9987,9987,"Flat No.3C, NSC Bose "
220678,Ankit J,AI3345,3456,3456,"Flat No.5B, Gandhi road"
339678,Swaroop C,AI5567,2678,2678,"Flat No. 2A, Rashbihari"
306785,Abdul R,AI5567,7890,7890,"Flat No.3C, NSC Bose "
456789,Sangeeta B,AI5567,2267,2267,"Flat No.5B, Gandhi road"
220679,Raja B,AI0678,3365,3365,"Flat No.5B, Gandhi road"
220676,Raja C,AI0678,3365,3365,"Flat No.5B, Gandhi road"
220675,Raja D,AI0678,3365,3365,"Flat No.5B, Gandhi road"
220674,Raja H,AI0678,3365,3365,"Flat No.5B, Gandhi road"
220673,Shraddha R,AI2267,3365,3365,"Flat No.5B, Gandhi road"
220672,Shraddha G,AI2267,3365,3365,"Flat No.5B, Gandhi road"
220671,Shraddha H,AI2267,3365,3365,"Flat No.5B, Gandhi road"
220670,Vinay A,AI2267,3365,3365,"Flat No.5B, Gandhi road"
320678,Vinay B,AI3345,3365,3365,"Flat No.5B, Gandhi road"
320677,Vinay C,AI3345,3365,3365,"Flat No.5B, Gandhi road"
